{"name":"08c54f02-3873-4ec9-b3bc-14fae56b8102","id":"/providers/Microsoft.Flow/flows/08c54f02-3873-4ec9-b3bc-14fae56b8102","type":"Microsoft.Flow/flows","properties":{"apiId":"/providers/Microsoft.PowerApps/apis/shared_logicflows","displayName":"UploadImageToLibrary","definition":{"metadata":{"workflowEntityId":null,"processAdvisorMetadata":null,"flowChargedByPaygo":null,"flowclientsuspensionreason":"None","flowclientsuspensiontime":null,"flowclientsuspensionreasondetails":null,"creator":{"id":"1ecbf859-60c5-4524-815e-3b7d1c49cc01","type":"User","tenantId":"066690f2-a8a6-4889-852e-124371dcbd6f"},"provisioningMethod":"FromDefinition","failureAlertSubscription":true,"clientLastModifiedTime":"2025-05-03T17:29:55.0714465Z","connectionKeySavedTimeKey":"2025-05-03T17:29:55.0714465Z","creationSource":"Portal","modifiedSources":"Portal"},"$schema":"https://schema.management.azure.com/providers/Microsoft.Logic/schemas/2016-06-01/workflowdefinition.json#","contentVersion":"undefined","parameters":{"$authentication":{"defaultValue":{},"type":"SecureObject"},"$connections":{"defaultValue":{},"type":"Object"}},"triggers":{"manual":{"type":"Request","kind":"PowerAppV2","inputs":{"schema":{"type":"object","properties":{"text":{"description":"","title":"FileName","type":"string","x-ms-content-hint":"TEXT","x-ms-dynamically-added":true},"file":{"description":"","title":"FileContent","type":"object","properties":{"contentBytes":{"type":"string","format":"byte"},"name":{"type":"string"}},"x-ms-content-hint":"FILE","x-ms-dynamically-added":true}},"required":["text","file"]}}}},"actions":{"Create_file":{"runAfter":{"Compose":["Succeeded"]},"type":"OpenApiConnection","inputs":{"parameters":{"dataset":"https://gtu.sharepoint.com/sites/SahaTeknikPersoneliiinAkllVakaYnetimSistemi","folderPath":"Sharepoint_Image_Library","name":"@triggerBody()?['text']","body":"@triggerBody()?['file']?['contentBytes']"},"host":{"apiId":"/providers/Microsoft.PowerApps/apis/shared_sharepointonline","connectionName":"shared_sharepointonline","operationId":"CreateFile"},"authentication":{"value":"@json(decodeBase64(triggerOutputs().headers['X-MS-APIM-Tokens']))['$ConnectionKey']","type":"Raw"}},"runtimeConfiguration":{"contentTransfer":{"transferMode":"Chunked"}}},"Get_items":{"runAfter":{},"type":"OpenApiConnection","inputs":{"parameters":{"dataset":"https://gtu.sharepoint.com/sites/SahaTeknikPersoneliiinAkllVakaYnetimSistemi","table":"264fefea-9336-41ca-833d-ef6e7a298b6d","$filter":"@{concat('Title eq ''', triggerBody()?['FileName'], '''')\r\n}\n"},"host":{"apiId":"/providers/Microsoft.PowerApps/apis/shared_sharepointonline","connectionName":"shared_sharepointonline","operationId":"GetItems"},"authentication":{"value":"@json(decodeBase64(triggerOutputs().headers['X-MS-APIM-Tokens']))['$ConnectionKey']","type":"Raw"}}},"Compose":{"runAfter":{"Get_items":["Succeeded"]},"type":"Compose","inputs":"@first(outputs('Get_items')?['body']?['value'])?['ID']\r\n"},"Update_file_properties":{"runAfter":{"Create_file":["Succeeded"]},"type":"OpenApiConnection","inputs":{"parameters":{"dataset":"https://gtu.sharepoint.com/sites/SahaTeknikPersoneliiinAkllVakaYnetimSistemi","table":"e0abedd2-4ff9-41fb-8110-83dc1154cf34","id":"@outputs('Create_file')?['body/ItemId']","item/Olay_ID_gorsel/Id":"@first(outputs('Get_items')?['body']?['value'])?['ID']\r\n"},"host":{"apiId":"/providers/Microsoft.PowerApps/apis/shared_sharepointonline","connectionName":"shared_sharepointonline","operationId":"PatchFileItem"},"authentication":{"value":"@json(decodeBase64(triggerOutputs().headers['X-MS-APIM-Tokens']))['$ConnectionKey']","type":"Raw"}}}}},"connectionReferences":{"shared_sharepointonline":{"connectionName":"2bdaf81042134d0aafc089f8a4be3569","source":"Invoker","id":"/providers/Microsoft.PowerApps/apis/shared_sharepointonline","tier":"NotSpecified","apiName":"sharepointonline"}},"flowFailureAlertSubscribed":false,"isManaged":false}}