{"schemaVersion":"1.0","appDefinitionTemplate":{"id":"/providers/Microsoft.PowerApps/apps/","type":"Microsoft.PowerApps/apps","tags":{"primaryDeviceWidth":"768","primaryDeviceHeight":"1366","supportsPortrait":"true","supportsLandscape":"true","primaryFormFactor":"Tablet","showStatusBar":"false","publisherVersion":"3.25043.10","minimumRequiredApiVersion":"2.2.0","hasComponent":"false","hasUnlockedComponent":"false","isUnifiedRootApp":"false","sienaVersion":"20250504T193620Z-3.25043.10.0"},"properties":{"appVersion":"2025-05-04T19:36:20Z","lifeCycleId":"Published","createdByClientVersion":{"major":3,"minor":25043,"build":10,"revision":0,"majorRevision":0,"minorRevision":0},"minClientVersion":{"major":3,"minor":25043,"build":10,"revision":0,"majorRevision":0,"minorRevision":0},"backgroundColor":"rgba(255, 255, 255, 1)","backgroundImageUri":"/4780584304587836638/N2266ea61-fb0d-4b7e-82cf-f143bb1c6f57-logoSmallFile","displayName":"IBA","description":"02_05_2025_19_08","commitMessage":"","appUris":{"documentUri":{"value":"/4780584304587836638/Nc039b2a2-fb59-496a-be99-96ec01330971-document.msapp"},"imageUris":[],"additionalUris":[{"isSolutionAware":false,"value":"/4780584304587836638/N9124ad3a-e618-460d-b29a-6efef0c0cbe7-identity.json"}]},"createdTime":"0001-01-01T00:00:00Z","lastModifiedTime":"0001-01-01T00:00:00Z","sharedGroupsCount":0,"sharedUsersCount":0,"connectionReferences":{"2c22dd92-806e-40da-a209-62e6b575928e":{"id":"2a34ebb6-0b50-4316-94ab-4f199c522dcc","displayName":"Logic flows","iconUri":"https://conn-afd-prod-endpoint-bmc9bqahasf3grgk.b01.azurefd.net/releases/v1.0.1745/1.0.1745.4169/logicflows/icon.png","dataSources":["UploadImageToLibrary"],"dependencies":["125cbdbe-bf79-4dab-b9b3-0b86cde56a7f"],"dependents":[],"parameterHints":{"workflowName":{"value":"435ba629-63ec-4010-add3-5f654d2c07e6"},"workflowEntityId":{},"workflowDisplayName":{"value":"UploadImageToLibrary"},"125cbdbe-bf79-4dab-b9b3-0b86cde56a7f":{"value":"shared_sharepointonline"}},"parameterHintsV2":{"workflowName":{"value":"435ba629-63ec-4010-add3-5f654d2c07e6"},"workflowEntityId":{},"workflowDisplayName":{"value":"UploadImageToLibrary"},"shared_sharepointonline":{"value":"125cbdbe-bf79-4dab-b9b3-0b86cde56a7f"}},"isOnPremiseConnection":false,"bypassConsent":false,"dataSets":{},"apiTier":"Standard","isCustomApiConnection":false,"nestedActions":[{"id":"/providers/Microsoft.PowerApps/apis/shared_sharepointonline/apiOperations/CreateFile","flowConnectionRef":"shared_sharepointonline","apiName":"SharePoint","actionName":"CreateFile","referencedResources":[{"key":"site","value":"https://gtu.sharepoint.com/sites/SahaTeknikPersoneliiinAkllVakaYnetimSistemi"}]},{"id":"/providers/Microsoft.PowerApps/apis/shared_sharepointonline/apiOperations/GetItems","flowConnectionRef":"shared_sharepointonline","apiName":"SharePoint","actionName":"GetItems","referencedResources":[{"key":"site","value":"https://gtu.sharepoint.com/sites/SahaTeknikPersoneliiinAkllVakaYnetimSistemi"},{"key":"site","value":"https://gtu.sharepoint.com/sites/SahaTeknikPersoneliiinAkllVakaYnetimSistemi"},{"key":"list","value":"264fefea-9336-41ca-833d-ef6e7a298b6d"}]},{"id":"/providers/Microsoft.PowerApps/apis/shared_sharepointonline/apiOperations/PatchFileItem","flowConnectionRef":"shared_sharepointonline","apiName":"SharePoint","actionName":"PatchFileItem","referencedResources":[{"key":"site","value":"https://gtu.sharepoint.com/sites/SahaTeknikPersoneliiinAkllVakaYnetimSistemi"},{"key":"list","value":"e0abedd2-4ff9-41fb-8110-83dc1154cf34"},{"key":"site","value":"https://gtu.sharepoint.com/sites/SahaTeknikPersoneliiinAkllVakaYnetimSistemi"},{"key":"fileId","value":"@outputs('Create_file')?['body/ItemId']"}]}]},"125cbdbe-bf79-4dab-b9b3-0b86cde56a7f":{"id":"f12afcc2-5bf6-43e3-87a8-415cc2812048","displayName":"SharePoint","iconUri":"https://conn-afd-prod-endpoint-bmc9bqahasf3grgk.b01.azurefd.net/releases/v1.0.1746/1.0.1746.4174/sharepointonline/icon.png","dataSources":["Olaylar","Kategori","Sharepoint_Image_Library","Urunler","Personel","ActionLogs"],"dependencies":[],"dependents":["2c22dd92-806e-40da-a209-62e6b575928e","0df8eb51-e0a7-417a-b2ce-5b7142f368ee","742d0fc1-97f7-46e8-8d32-524683fd454f"],"parameterHints":{},"parameterHintsV2":{},"isOnPremiseConnection":false,"bypassConsent":false,"dataSets":{"https://gtu.sharepoint.com/sites/SahaTeknikPersoneliiinAkllVakaYnetimSistemi":{"dataSources":{"Olaylar":{"tableName":"264fefea-9336-41ca-833d-ef6e7a298b6d"},"Kategori":{"tableName":"22591cd8-752b-471e-be5e-d9ee886489f5"},"Sharepoint_Image_Library":{"tableName":"e0abedd2-4ff9-41fb-8110-83dc1154cf34"},"Urunler":{"tableName":"7975e31c-3cc7-49d6-a8e1-b6f73942e17c"},"Personel":{"tableName":"3a2ab9ca-1d66-40ce-9a46-d6f4ec785e3c"},"ActionLogs":{"tableName":"6acf4119-3b0a-4b99-a3c6-39bbfc1dcce4"}}}},"apiTier":"Standard","isCustomApiConnection":false,"actions":["providers/PowerPlatform.Governance/Operations/Read","providers/PowerPlatform.Governance/Operations/Write"]},"0df8eb51-e0a7-417a-b2ce-5b7142f368ee":{"id":"2a34ebb6-0b50-4316-94ab-4f199c522dcc","displayName":"Logic flows","iconUri":"https://conn-afd-prod-endpoint-bmc9bqahasf3grgk.b01.azurefd.net/releases/v1.0.1745/1.0.1745.4169/logicflows/icon.png","dataSources":["UploadImageToLibrary2"],"dependencies":["125cbdbe-bf79-4dab-b9b3-0b86cde56a7f"],"dependents":[],"parameterHints":{"workflowName":{"value":"05ae6152-c234-428d-baac-24d7c0de1d39"},"workflowEntityId":{},"workflowDisplayName":{"value":"UploadImageToLibrary2"},"125cbdbe-bf79-4dab-b9b3-0b86cde56a7f":{"value":"shared_sharepointonline"}},"parameterHintsV2":{"workflowName":{"value":"05ae6152-c234-428d-baac-24d7c0de1d39"},"workflowEntityId":{},"workflowDisplayName":{"value":"UploadImageToLibrary2"},"shared_sharepointonline":{"value":"125cbdbe-bf79-4dab-b9b3-0b86cde56a7f"}},"isOnPremiseConnection":false,"bypassConsent":false,"dataSets":{},"apiTier":"Standard","isCustomApiConnection":false,"nestedActions":[{"id":"/providers/Microsoft.PowerApps/apis/shared_sharepointonline/apiOperations/CreateFile","flowConnectionRef":"shared_sharepointonline","apiName":"SharePoint","actionName":"CreateFile","referencedResources":[{"key":"site","value":"https://gtu.sharepoint.com/sites/SahaTeknikPersoneliiinAkllVakaYnetimSistemi"}]}]},"742d0fc1-97f7-46e8-8d32-524683fd454f":{"id":"2a34ebb6-0b50-4316-94ab-4f199c522dcc","displayName":"Logic flows","iconUri":"https://conn-afd-prod-endpoint-bmc9bqahasf3grgk.b01.azurefd.net/releases/v1.0.1745/1.0.1745.4169/logicflows/icon.png","dataSources":["UploadImageToLibrary3"],"dependencies":["125cbdbe-bf79-4dab-b9b3-0b86cde56a7f"],"dependents":[],"parameterHints":{"workflowName":{"value":"115a6e1b-d77d-49ba-9cab-acd536cc5732"},"workflowEntityId":{},"workflowDisplayName":{"value":"UploadImageToLibrary3"},"125cbdbe-bf79-4dab-b9b3-0b86cde56a7f":{"value":"shared_sharepointonline"}},"parameterHintsV2":{"workflowName":{"value":"115a6e1b-d77d-49ba-9cab-acd536cc5732"},"workflowEntityId":{},"workflowDisplayName":{"value":"UploadImageToLibrary3"},"shared_sharepointonline":{"value":"125cbdbe-bf79-4dab-b9b3-0b86cde56a7f"}},"isOnPremiseConnection":false,"bypassConsent":false,"dataSets":{},"apiTier":"Standard","isCustomApiConnection":false,"actions":["Run"],"nestedActions":[{"id":"/providers/Microsoft.PowerApps/apis/shared_sharepointonline/apiOperations/CreateFile","flowConnectionRef":"shared_sharepointonline","apiName":"SharePoint","actionName":"CreateFile","referencedResources":[{"key":"site","value":"https://gtu.sharepoint.com/sites/SahaTeknikPersoneliiinAkllVakaYnetimSistemi"}]}]}},"databaseReferences":{},"almMode":"Environment","performanceOptimizationEnabled":true,"canConsumeAppPass":true,"enableModernRuntimeMode":false,"executionRestrictions":{"isTeamsOnly":false,"dataLossPreventionEvaluationResult":{"status":"Compliant","lastEvaluationDate":"2025-05-04T19:36:23.6770751Z","violations":[],"violationsByPolicy":[],"violationErrorMessage":"The app uses the following connectors: shared_logicflows, shared_sharepointonline."},"httpActionRestriction":{"appUsesSharepointHttpAction":false,"enforcementStrategy":"Legacy","evaluationTime":"2025-05-04T19:36:23.6768099Z"}}},"isAppComponentLibrary":false,"appType":"ClassicCanvasApp","appComponents":[]}}