{"name":"f8d894ef-0f51-4f25-a844-d6dde0892507","id":"/providers/Microsoft.Flow/flows/f8d894ef-0f51-4f25-a844-d6dde0892507","type":"Microsoft.Flow/flows","properties":{"apiId":"/providers/Microsoft.PowerApps/apis/shared_logicflows","displayName":"UploadImageToLibrary3","definition":{"metadata":{"workflowEntityId":null,"processAdvisorMetadata":null,"flowChargedByPaygo":null,"flowclientsuspensionreason":"None","flowclientsuspensiontime":null,"flowclientsuspensionreasondetails":null,"creator":{"id":"1ecbf859-60c5-4524-815e-3b7d1c49cc01","type":"User","tenantId":"066690f2-a8a6-4889-852e-124371dcbd6f"},"provisioningMethod":"FromDefinition","failureAlertSubscription":true,"clientLastModifiedTime":"2025-05-03T18:39:00.2803325Z","connectionKeySavedTimeKey":"2025-05-03T18:39:00.2803325Z","creationSource":null,"modifiedSources":"Portal"},"$schema":"https://schema.management.azure.com/providers/Microsoft.Logic/schemas/2016-06-01/workflowdefinition.json#","contentVersion":"undefined","parameters":{"$authentication":{"defaultValue":{},"type":"SecureObject"},"$connections":{"defaultValue":{},"type":"Object"}},"triggers":{"manual":{"type":"Request","kind":"PowerAppV2","inputs":{"schema":{"type":"object","properties":{"text":{"description":"","title":"FileName","type":"string","x-ms-content-hint":"TEXT","x-ms-dynamically-added":true},"file":{"description":"","title":"FileContent","type":"object","properties":{"contentBytes":{"type":"string","format":"byte"},"name":{"type":"string"}},"x-ms-content-hint":"FILE","x-ms-dynamically-added":true}},"required":["text","file"]}}}},"actions":{"Create_file":{"runAfter":{},"type":"OpenApiConnection","inputs":{"parameters":{"dataset":"https://gtu.sharepoint.com/sites/SahaTeknikPersoneliiinAkllVakaYnetimSistemi","folderPath":"Sharepoint_Image_Library","name":"@triggerBody()?['text']","body":"@triggerBody()?['file']?['contentBytes']"},"host":{"apiId":"/providers/Microsoft.PowerApps/apis/shared_sharepointonline","connectionName":"shared_sharepointonline","operationId":"CreateFile"},"authentication":{"value":"@json(decodeBase64(triggerOutputs().headers['X-MS-APIM-Tokens']))['$ConnectionKey']","type":"Raw"}},"runtimeConfiguration":{"contentTransfer":{"transferMode":"Chunked"}}}}},"connectionReferences":{"shared_sharepointonline":{"connectionName":"2bdaf81042134d0aafc089f8a4be3569","source":"Invoker","id":"/providers/Microsoft.PowerApps/apis/shared_sharepointonline","tier":"NotSpecified","apiName":"sharepointonline"}},"flowFailureAlertSubscribed":false,"isManaged":false}}